hwd;pronSampa;ipa
avallone;{ v @ l @U n;ævəloʊn
findler;f I n d l 3:r;fɪndlɜ:r
ahrendt;A r\ i n t;ɑɹint
gyohten;g j @U t @ n;gjoʊtən
burley;b 3:r l i:;bɜ:rliː
minutemen;m I n @ t m E n;mɪnətmɛn
herrle;h E r\ @ l;hɛɹəl
tonsils;t A n s @ l z;tɑnsəlz
omitted;@U m I 4 @ d;oʊmɪɾəd
gnashing;n { S i N;næʃiŋ
fitzer;f I t s 3:r;fɪtsɜ:r
capricious;k @ p r\ I S @ s;kəpɹɪʃəs
falgoust;f A l g u s t;fɑlgust
subordinates;s @ b O: r\ d @ n eI t s;səbOːɹdən?ts
prison;p r\ I z @ n;pɹɪzən
ference;f I r\ @ n s;fɪɹəns
oliver;A l @ v 3:r;ɑləvɜ:r
carriero;k A r\ I r\ @U;kɑɹɪɹoʊ
verba;v E r\ b @;vɛɹbə
frailties;f r\ eI l t i: z;fɹ?ltiːz
croc;k r\ A k;kɹɑk
digesting;d aI dZ E s t i N;d??ɛstiŋ
ohba;@U b @;oʊbə
nicholas'(2);n I k l @ s;nɪkləs
promised;p r\ A m @ s t;pɹɑməst
purveyor;p 3:r v eI 3:r;pɜ:rv?ɜ:r
momma;m A m @;mɑmə
estimable;E s t @ m @ b @ l;ɛstəməbəl
josie;dZ @U z i:;?oʊziː
vitello;v i t E l @U;vitɛloʊ
gari;g A r\ i:;gɑɹiː
crowing;k r\ @U i N;kɹoʊiŋ
privatizing;p r\ aI v @ t aI z i N;pɹ?vət?ziŋ
shake;S eI k;ʃ?k
alienates;eI l i: @ n eI t s;?liːən?ts
tunisian;t u n i: Z @ n;tuniːʒən
dynamo;d aI n @ m @U;d?nəmoʊ
nemec;n E m i k;nɛmik
bled;b l E d;blɛd
yasuhiro;j A s u h i: r\ @U;jɑsuhiːɹoʊ
oriental;O: r\ i: E n t @ l;Oːɹiːɛntəl
plotts;p l A t s;plɑts
toupee;t u p eI;tup?
kruszewski;k r\ @ S E f s k i:;kɹəʃɛfskiː
perfume;p 3:r f j u m;pɜ:rfjum
ephemeral;i f E m 3:r @ l;ifɛmɜ:rəl
cannizzaro;k A n i: t s A r\ @U;kɑniːtsɑɹoʊ
robins';r\ A b @ n z;ɹɑbənz
milln;m I l n;mɪln
wei;w eI;w?
reist;r\ i: i s t;ɹiːist
meta;m i: 4 @;miːɾə
ga(3);dZ O: r\ dZ @;?Oːɹ?ə
fireweed;f aI 3:r w i: d;f?ɜ:rwiːd
pronouncements;p r\ @ n aU n s m @ n t s;pɹən?nsmənts
daley;d eI l i:;d?liː
ketchikan;k E tS i k { n;kɛ?ikæn
tufted;t V f t @ d;tʌftəd
cramp;k r\ { m p;kɹæmp
mispronounce;m i s p r\ @ n aU n s;mispɹən?ns
bateman;b eI t m @ n;b?tmən
castilleja;k A s t i: l eI j @;kɑstiːl?jə
incapacity;i n k @ p { s @ 4 i:;inkəpæsəɾiː
jovial;dZ @U v i: @ l;?oʊviːəl
debby;d E b i:;dɛbiː
ferrigno;f 3:r i: g n @U;fɜ:riːgnoʊ
rehearings;r\ i: h I r\ i N z;ɹiːhɪɹiŋz
denault;d i n @U;dinoʊ
stopover;s t A p @U v 3:r;stɑpoʊvɜ:r
lieutenant;l u t E n @ n t;lutɛnənt
muse;m j u z;mjuz
nusser;n V s 3:r;nʌsɜ:r
riggings;r\ I g i N z;ɹɪgiŋz
refrigerators;r\ i f r\ I dZ 3:r eI 4 3:r z;ɹifɹɪ?ɜ:r?ɾɜ:rz
demotion;d i m @U S @ n;dimoʊʃən
chretien;S r\ i t i: n;ʃɹitiːn
lifting;l I f t i N;lɪftiŋ
grumblings;g r\ V m b @ l i N z;gɹʌmbəliŋz
barbarino;b A r\ b A r\ i: n @U;bɑɹbɑɹiːnoʊ
nandi;n A n d i:;nɑndiː
carruthers;k 3:r V D 3:r z;kɜ:rʌðɜ:rz
logar;l @U g 3:r;loʊgɜ:r
crowns;k r\ aU n z;kɹ?nz
jarema;j 3:r i: m @;jɜ:riːmə
reformers';r\ i f O: r\ m 3:r z;ɹifOːɹmɜ:rz
pesavento;p E s @ v E n t @U;pɛsəvɛntoʊ
hadson;h { d s @ n;hædsən
ceramic;s 3:r { m i k;sɜ:ræmik
veney;v E n i:;vɛniː
kojima;k @ j aI m @;kəj?mə
improve;i m p r\ u v;impɹuv
reserve's(2);r\ i: z 3:r v z;ɹiːzɜ:rvz
reverie;r\ E v 3:r i:;ɹɛvɜ:riː
indicted;i n d aI 4 @ d;ind?ɾəd
charmaine;S A r\ m eI n;ʃɑɹm?n
wycoff;w I k O: f;wɪkOːf
beshara;b i S A r\ @;biʃɑɹə
february;f E b j @ w E r\ i:;fɛbjəwɛɹiː
krajina(2);k r\ aI i: n @;kɹ?iːnə
slutzky;s l V t s k i:;slʌtskiː
broomall;b r\ u m @ l;bɹuməl
scholten;S @U l t @ n;ʃoʊltən
cap's;k { p s;kæps
adaptable;@ d { p t @ b @ l;ədæptəbəl
tso(2);s @U;soʊ
rematch;r\ i: m { tS;ɹiːmæ?
groesbeck;g r\ @U s b E k;gɹoʊsbɛk
pedaling(2);p E d l i N;pɛdliŋ
ricker;r\ I k 3:r;ɹɪkɜ:r
zayas;z eI A z;z?ɑz
timor;t i: m O: r\;tiːmOːɹ
transmutability;t r\ { n z m u 4 @ b I l i 4 i:;tɹænzmuɾəbɪliɾiː
whitenight;w aI t n aI t;w?tn?t
nilan;n i: l A n;niːlɑn
manually;m { n j u @ l i:;mænjuəliː
reason;r\ i: z @ n;ɹiːzən
jeffs;dZ E f s;?ɛfs
milling;m I l i N;mɪliŋ
maland;m { l @ n d;mælənd
harbeson;h A r\ b i s @ n;hɑɹbisən
vetted;v E 4 i d;vɛɾid
hazlett;h { z l i t;hæzlit
bortner;b O: r\ t n 3:r;bOːɹtnɜ:r
snipes;s n aI p s;sn?ps
windheim;w I n d h aI m;wɪndh?m
uh-huh;V h V;ʌhʌ
medinger;m i: 4 i N 3:r;miːɾiŋɜ:r
reeking;r\ i: k i N;ɹiːkiŋ
caribbean;k 3:r I b i: @ n;kɜ:rɪbiːən
savastano;s A v A s t A n @U;sɑvɑstɑnoʊ
honorarium;A n 3:r E r\ i: @ m;ɑnɜ:rɛɹiːəm
aldous;A l d @ s;ɑldəs
streit;s t r\ aI t;stɹ?t
indonesians(2);I n d @U n i: Z @ n z;ɪndoʊniːʒənz
hegelian;h i: dZ i: l i: @ n;hiː?iːliːən
keytal;k i: t @ l;kiːtəl
holverson;h A l v 3:r s @ n;hɑlvɜ:rsən
iddings;I 4 i N z;ɪɾiŋz
wiggle;w I g @ l;wɪgəl
shrift;S r\ I f t;ʃɹɪft
voided;v OI 4 i d;v?ɾid
tahiti;t @ h i: 4 i:;təhiːɾiː
sumatomo;s u m @ t @U m @U;sumətoʊmoʊ
igman;I g m @ n;ɪgmən
selas;s E l @ s;sɛləs
garman;g A r\ m @ n;gɑɹmən
fundora;f u n d O: r\ @;fundOːɹə
deporting;d i p O: r\ 4 i N;dipOːɹɾiŋ
personalized;p 3:r s @ n @ l aI z d;pɜ:rsənəl?zd
tomaino;t @U m A i: n @U;toʊmɑiːnoʊ
messing;m E s i N;mɛsiŋ
horvath's;h O: r\ v { T s;hOːɹvæθs
mikhail(2);m i k aI l;mik?l
munkres;m V N k 3:r z;mʌŋkɜ:rz
impressively;i m p r\ E s i v l i:;impɹɛsivliː
locher;l A k 3:r;lɑkɜ:r
incest;I n s E s t;ɪnsɛst
biddle's;b I 4 @ l z;bɪɾəlz
sale;s eI l;s?l
dawns;d O: n z;dOːnz
verville;v 3:r v i l;vɜ:rvil
geiger;g aI g 3:r;g?gɜ:r
cheng-hua;tS E N h w A;?ɛŋhwɑ
ballistics;b @ l I s t i k s;bəlɪstiks
minimum;m I n @ m @ m;mɪnəməm
puming;p u m i N;pumiŋ
gatien;g eI t j E n;g?tjɛn
wheelock;w i: l A k;wiːlɑk
inaction;i n { k S @ n;inækʃən
barn;b A r\ n;bɑɹn
gmbh(2);dZ i: E m b i: eI tS;?iːɛmbiː??
declines;d i k l aI n z;dikl?nz
baumeister;b aU m aI s t 3:r;b?m?stɜ:r
phenomenal;f @ n A m @ n @ l;fənɑmənəl
dunned;d V n d;dʌnd
jacka;dZ { k @;?ækə
mcauliffe;m @ k O: l @ f;məkOːləf
unedited;@ n E 4 @ 4 i d;ənɛɾəɾid
marshmallows;m A r\ S m E l @U z;mɑɹʃmɛloʊz
boykins;b OI k i n z;b?kinz
widen;w aI d @ n;w?dən
muti(2);m j u 4 i:;mjuɾiː
scriptwriter;s k r\ I p t r\ aI 4 3:r;skɹɪptɹ?ɾɜ:r
delbert;d E l b 3:r t;dɛlbɜ:rt
tends;t E n d z;tɛndz
lavecchia;l A v E k i: @;lɑvɛkiːə
comportment;k @ m p O: r\ t m @ n t;kəmpOːɹtmənt
crackel;k r\ { k @ l;kɹækəl
intermarriage;I n t 3:r m E r\ i dZ;ɪntɜ:rmɛɹi?
fieldwork;f i: l d w 3:r k;fiːldwɜ:rk
lindenberg;l I n d @ n b 3:r g;lɪndənbɜ:rg
sextuplet;s E k s t V p l i t;sɛkstʌplit
rettinger;r\ E t i n dZ 3:r;ɹɛtin?ɜ:r
harn;h A r\ n;hɑɹn
weightlifters;w eI t l I f t 3:r z;w?tlɪftɜ:rz
laut;l O: t;lOːt
surfaces;s 3:r f @ s @ z;sɜ:rfəsəz
hallucinating(2);h @ l u s i n eI 4 i N;həlusin?ɾiŋ
carbohydrate(2);k A r\ b @U h aI d r\ @ t;kɑɹboʊh?dɹət
mucky;m V k i:;mʌkiː
nupeng;n j u p E N;njupɛŋ
schaffler;S { f l 3:r;ʃæflɜ:r
guzzlers(2);g V z l 3:r z;gʌzlɜ:rz
bioengineering;b aI @U E n dZ @ n I r\ i N;b?oʊɛn?ənɪɹiŋ
gengenbach(2);dZ E N @ n b A k;?ɛŋənbɑk
jokhang;dZ A k h { N;?ɑkhæŋ
lue;l u;lu
document;d A k j @ m E n t;dɑkjəmɛnt
related(3);r\ i: l eI 4 i d;ɹiːl?ɾid
covelli;k @U v E l i:;koʊvɛliː
sweden;s w i: d @ n;swiːdən
cushy;k U S i:;kʊʃiː
cinders;s I n d 3:r z;sɪndɜ:rz
preliminary;p r\ i l I m @ n E r\ i:;pɹilɪmənɛɹiː
calipers;k { l @ p 3:r z;kæləpɜ:rz
riva;r\ i: v @;ɹiːvə
priests(3);p r\ i: s;pɹiːs
schwartzkopf;S w O: r\ t s k O: p f;ʃwOːɹtskOːpf
verb;v 3:r b;vɜ:rb
exception;i k s E p S @ n;iksɛpʃən
marshmallow;m A r\ S m E l @U;mɑɹʃmɛloʊ
croitzer;k r\ OI t s 3:r;kɹ?tsɜ:r
crans;k r\ { n z;kɹænz
mierzwa;m i: r\ z w @;miːɹzwə
whistling;w I s l i N;wɪsliŋ
battista;b @ t i: s t @;bətiːstə
geng;dZ E N;?ɛŋ
vivaldi;v i v A l d i:;vivɑldiː
thunderbolt;T V n d 3:r b O: l t;θʌndɜ:rbOːlt
meads;m i: d z;miːdz
aching;eI k i N;?kiŋ
placzek;p l A tS E k;plɑ?ɛk
drexler;d r\ E k s l 3:r;dɹɛkslɜ:r
ellerbrock;i l 3:r b r\ @ k;ilɜ:rbɹək
saltz;s { l t s;sælts
argued;A r\ g j u d;ɑɹgjud
imperialistic;i m p i: r\ i: @ l I s t i k;impiːɹiːəlɪstik
lawner(2);l aU n 3:r;l?nɜ:r
colonized;k A l @ n aI z d;kɑlən?zd
energized;E n 3:r dZ aI z d;ɛnɜ:r??zd
lonigro;l @U n i: g r\ @U;loʊniːgɹoʊ
migliaccio;m i: g l i: A tS i: @U;miːgliːɑ?iːoʊ
noffsinger;n A f s i n dZ 3:r;nɑfsin?ɜ:r
mobilized;m @U b @ l aI z d;moʊbəl?zd
sileo;s I l i: @U;sɪliːoʊ
waites;w eI t s;w?ts
corissa;k O: r\ I s @;kOːɹɪsə
repressed;r\ i: p r\ E s t;ɹiːpɹɛst
bushnell;b U S n @ l;bʊʃnəl
kreisberg;k r\ aI s b 3:r g;kɹ?sbɜ:rg
narcisse;n A r\ s i s;nɑɹsis
charmain;S A r\ m eI n;ʃɑɹm?n
alcina;A l tS i: n @;ɑl?iːnə
megafood;m E g @ f u d;mɛgəfud
sylvan;s I l v @ n;sɪlvən
beebower(2);b i: b aU 3:r;biːb?ɜ:r
assists;@ s I s t s;əsɪsts
reviewed;r\ i: v j u d;ɹiːvjud
congressional;k @ n g r\ E S @ n @ l;kəngɹɛʃənəl
bourgoin;b U r\ g OI n;bʊɹg?n
hydrotherapy;h aI d r\ @U T E r\ @ p i:;h?dɹoʊθɛɹəpiː
bee;b i:;biː
kepp;k E p;kɛp
wilmar;w I l m 3:r;wɪlmɜ:r
gigot;dZ I g @ t;?ɪgət
phoenix's;f i: n i k s i z;fiːniksiz
smethurst;s m E T 3:r s t;smɛθɜ:rst
innings;I n i N z;ɪniŋz
sens;s E n z;sɛnz
angevine;eI N g i v aI n;?ŋgiv?n
haye;h eI;h?
shirrell;S O: r\ @ l;ʃOːɹəl
cuenca;k w E n k @;kwɛnkə
federative;f E 4 3:r @ 4 i v;fɛɾɜ:rəɾiv
devices(2);d i v aI s i z;div?siz
hollern;h A l 3:r n;hɑlɜ:rn
halle(2);h { l i:;hæliː
rulebook;r\ u l b U k;ɹulbʊk
archivists(3);A r\ k @ v i s s;ɑɹkəviss
algy;{ l dZ i:;æl?iː
superiority;s u p i r\ i: O: r\ i 4 i:;supiɹiːOːɹiɾiː
casselman;k { s @ l m @ n;kæsəlmən
jacuzzi;dZ @ k j u z i:;?əkjuziː
bois;b w A;bwɑ
warlike;w O: r\ l aI k;wOːɹl?k
cheviots;tS i: v i: @ t s;?iːviːəts
smithfield;s m I T f i: l d;smɪθfiːld
osuch;A s @ k;ɑsək
westhoff;w E s t h O: f;wɛsthOːf
ranieri;r\ { n i: E r\ i:;ɹæniːɛɹiː
pott;p A t;pɑt
andreas;A n d r\ eI @ s;ɑndɹ?əs
tangential;t { n dZ E n tS @ l;tæn?ɛn?əl
kall;k O: l;kOːl
distances(2);d I s t @ n s i z;dɪstənsiz
durie;d U r\ i:;dʊɹiː
hershkowitz;h 3:r S k @ w i t s;hɜ:rʃkəwits
tomasina;t O: m @ s i: n @;tOːməsiːnə
nucor;n u k O: r\;nukOːɹ
meidl;m i: 4 @ l;miːɾəl
scorpio;s k O: r\ p i: @U;skOːɹpiːoʊ
rubenfeld;r\ V b i n f E l d;ɹʌbinfɛld
officers;O: f @ s 3:r z;Oːfəsɜ:rz
salvaggio;s A l v A dZ i: @U;sɑlvɑ?iːoʊ
module;m A dZ u l;mɑ?ul
lepkowski;l i p k O: f s k i:;lipkOːfskiː
guarantees;g E r\ @ n t i: z;gɛɹəntiːz
reallocating;r\ i: { l @ k eI 4 i N;ɹiːælək?ɾiŋ
smee;s m i:;smiː
villager;v I l i dZ 3:r;vɪli?ɜ:r
mayer;m eI 3:r;m?ɜ:r
flypaper;f l aI p eI p 3:r;fl?p?pɜ:r
pelekunu's;p E l @ k u n u z;pɛləkunuz
feodor;f i: @ 4 3:r;fiːəɾɜ:r
cardigans;k A r\ 4 i g @ n z;kɑɹɾigənz
seratonin;s 3:r A t @U n i n;sɜ:rɑtoʊnin
arlena;A r\ l i n @;ɑɹlinə
jaya;dZ aI @;??ə
keg;k E g;kɛg
of;V v;ʌv
tantalus;t { n t @ l @ s;tæntələs
caricatured;k 3:r I k @ tS 3:r d;kɜ:rɪkə?ɜ:rd
seawolf's;s i: w U l f s;siːwʊlfs
hardie;h A r\ 4 i:;hɑɹɾiː
roedl;r\ @U 4 @ l;ɹoʊɾəl
protagonists;p r\ @U t { g @ n @ s t s;pɹoʊtægənəsts
crawly;k r\ O: l i:;kɹOːliː
villella;v i: l E l @;viːlɛlə
heavyset;h E v i: s E t;hɛviːsɛt
fitak;f I t { k;fɪtæk
hyperbaric(2);h aI p 3:r b { r\ i k;h?pɜ:rbæɹik
dictatorships;d i k t eI 4 3:r S I p s;dikt?ɾɜ:rʃɪps
paign;p eI n;p?n
polyhedrons(2);p A l i: h i: d r\ @ n z;pɑliːhiːdɹənz
swartz;s w O: r\ t s;swOːɹts
gosman;g A s m @ n;gɑsmən
marchini;m A r\ k i: n i:;mɑɹkiːniː
borkowski;b 3:r k O: f s k i:;bɜ:rkOːfskiː
sinfonia;s i n f @U n i: @;sinfoʊniːə
uncorrected;V n k 3:r E k t i d;ʌnkɜ:rɛktid
vogeler;v @U g @ l 3:r;voʊgəlɜ:r
curators;k j U r\ @ 4 3:r z;kjʊɹəɾɜ:rz
encroachments;i n k r\ @U tS m @ n t s;inkɹoʊ?mənts
underline;V n d 3:r l aI n;ʌndɜ:rl?n
lieson;l i: s O: n;liːsOːn
cutlery;k V t l 3:r i:;kʌtlɜ:riː
aircraft's;E r\ k r\ { f t s;ɛɹkɹæfts
jeanne;dZ i: n;?iːn
bootie;b u 4 i:;buɾiː
heninger;h E n i N 3:r;hɛniŋɜ:r
helmsman;h E l m z m { n;hɛlmzmæn
shollenberger;S A l @ n b 3:r g 3:r;ʃɑlənbɜ:rgɜ:r
backwash;b { k w A S;bækwɑʃ
tripods;t r\ aI p A d z;tɹ?pɑdz
smittle;s m I 4 @ l;smɪɾəl
jaguars;dZ { g w A r\ z;?ægwɑɹz
perez;p E r\ E z;pɛɹɛz
furthering;f 3:r D 3:r i N;fɜ:rðɜ:riŋ
blakely;b l eI k l i:;bl?kliː
sunsweet;s V n s w i: t;sʌnswiːt
stanching;s t { n tS i N;stæn?iŋ
akali;@ k A l i:;əkɑliː
pink;p I N k;pɪŋk
remlinger(2);r\ E m l i N 3:r;ɹɛmliŋɜ:r
cheerfully(2);tS I r\ f l i:;?ɪɹfliː
vapid;v { p i d;væpid
iavarone;i A v 3:r @U n i:;iɑvɜ:roʊniː
araki;A r\ A k i:;ɑɹɑkiː
entitling(2);E n t aI t l i N;ɛnt?tliŋ
matchmaking;m { tS m eI k i N;mæ?m?kiŋ
cornelious;k O: r\ n i l i: i s;kOːɹniliːis
servicer;s 3:r v i s 3:r;sɜ:rvisɜ:r
oi;OI;?
boeing's;b @U i N z;boʊiŋz
wenzhou;w E n z u;wɛnzu
nimmons;n I m @ n z;nɪmənz
sum;s V m;sʌm
zdrojewski;z d r\ OI u s k i:;zdɹ?uskiː
perales;p 3:r A l E s;pɜ:rɑlɛs
quito(3);k i: t @U;kiːtoʊ
bidders;b I 4 3:r z;bɪɾɜ:rz
intuitive;i n t u @ 4 i v;intuəɾiv
numismatists(3);n u m I s m @ t I s;numɪsmətɪs
skilling;s k I l i N;skɪliŋ
wolfley;w U l f l i:;wʊlfliː
defrauding;d i f r\ O: 4 i N;difɹOːɾiŋ
griffen;g r\ I f @ n;gɹɪfən
pio;p aI @U;p?oʊ
l'enfant;l E n f A n t;lɛnfɑnt
handers;h { n d 3:r z;hændɜ:rz
cizek;tS I z E k;?ɪzɛk
charities';tS E r\ i 4 i: z;?ɛɹiɾiːz
hominy;h A m i n i:;hɑminiː
organize;O: r\ g @ n aI z;Oːɹgən?z
boan;b @U n;boʊn
glassblowing;g l { s b l @U i N;glæsbloʊiŋ
mathew;m { T j u;mæθju
paull;p O: l;pOːl
kreifels;k r\ aI f @ l z;kɹ?fəlz
idyll;aI 4 @ l;?ɾəl
whidby(2);h w I d b i:;hwɪdbiː
munni(2);m V n i:;mʌniː
schwartzberg;S w O: r\ t s b 3:r g;ʃwOːɹtsbɜ:rg
delray;d E l r\ eI;dɛlɹ?
approve;@ p r\ u v;əpɹuv
schlicker;S l I k 3:r;ʃlɪkɜ:r
songy;s A n dZ i:;sɑn?iː
thiem;T i: m;θiːm
cahoon;k @ h u n;kəhun
jelen;dZ E l @ n;?ɛlən
o'gorman;@U g O: r\ m @ n;oʊgOːɹmən
castorena;k A s t O: r\ n @;kɑstOːɹnə
electors;i l E k t 3:r z;ilɛktɜ:rz
romany(2);r\ @U m @ n i:;ɹoʊməniː
vesser;v E s 3:r;vɛsɜ:r
mukhopadhyay;m u k @U p A d j aI;mukoʊpɑdj?
radtke;r\ { d k i:;ɹædkiː
casual;k { Z @ w @ l;kæʒəwəl
verrilli;v 3:r i: l i:;vɜ:riːliː
matteson;m { 4 i s @ n;mæɾisən
lasco;l A s k @U;lɑskoʊ
whittenburg;w I t @ n b 3:r g;wɪtənbɜ:rg
cathey;k { D i:;kæðiː
rakocy;r\ @ k @U tS i:;ɹəkoʊ?iː
renditions;r\ E n d I S @ n z;ɹɛndɪʃənz
floater;f l @U 4 3:r;floʊɾɜ:r
personable;p 3:r s @ n @ b @ l;pɜ:rsənəbəl
holz;h @U l z;hoʊlz
cole;k @U l;koʊl
shiyuan;S i: u A n;ʃiːuɑn
unwritten;@ n r\ I t @ n;ənɹɪtən
attleboro;{ 4 @ l b 3:r @U;æɾəlbɜ:roʊ
temco;t E m k @U;tɛmkoʊ
mosaics;m @U z eI i k s;moʊz?iks
buren;b j U r\ @ n;bjʊɹən
amid;@ m I d;əmɪd
awb;A w b;ɑwb
bunowski;b u n aU s k i:;bun?skiː
graze;g r\ eI z;gɹ?z
gaulle;g O: l;gOːl
sylvia;s I l v i: @;sɪlviːə
hajjar;h A j A r\;hɑjɑɹ
millikin;m I l i k i n;mɪlikin
quickness;k w I k n @ s;kwɪknəs
bernadino;b 3:r n @ d i: n @U;bɜ:rnədiːnoʊ
global's;g l @U b @ l z;gloʊbəlz
westmark's;w E s t m A r\ k s;wɛstmɑɹks
salesperson;s eI l z p 3:r s @ n;s?lzpɜ:rsən
basehore;b { s i h O: r\;bæsihOːɹ
specification;s p E s i f i k eI S @ n;spɛsifik?ʃən
seasick;s i: s I k;siːsɪk
conduit(2);k A n dZ u i t;kɑn?uit
curatolo;k U r\ A t @U l @U;kʊɹɑtoʊloʊ
trachea;t r\ eI k i: @;tɹ?kiːə
sether;s E D 3:r;sɛðɜ:r
enman;E n m @ n;ɛnmən
yielded(2);j i: l d i d;jiːldid
pavilion;p @ v I l j @ n;pəvɪljən
holecek;h A l i tS E k;hɑli?ɛk
kallas;k { l @ z;kæləz
sirohi;s 3:r @U h i:;sɜ:roʊhiː
raso;r\ A s @U;ɹɑsoʊ
coward;k aU 3:r d;k?ɜ:rd
sled;s l E d;slɛd
pickus;p I k @ s;pɪkəs
propellants;p r\ @ p E l @ n t s;pɹəpɛlənts
skips;s k I p s;skɪps
papier;p eI p j 3:r;p?pjɜ:r
muskopf;m V s k O: p f;mʌskOːpf
hemann;h E m @ n;hɛmən
tenpin;t E n p I n;tɛnpɪn
bitterness;b I 4 3:r n @ s;bɪɾɜ:rnəs
presents(2);p r\ i: z E n t s;pɹiːzɛnts
slaughter;s l O: 4 3:r;slOːɾɜ:r
alberty;@ l b 3:r 4 i:;əlbɜ:rɾiː
costars;k @U s t A r\ z;koʊstɑɹz
evrard;E v r\ 3:r d;ɛvɹɜ:rd
adrea;A d r\ i: @;ɑdɹiːə
fagley;f { g l i:;fægliː
janardhan;dZ @ n A r\ d @ n;?ənɑɹdən
shirts;S 3:r t s;ʃɜ:rts
magdala;m A g d A l @;mɑgdɑlə
morgenroth;m O: r\ g i n r\ O: T;mOːɹginɹOːθ
snowboarders;s n @U b O: r\ 4 3:r z;snoʊbOːɹɾɜ:rz
accosting;@ k A s t i N;əkɑstiŋ
krewson;k r\ u s @ n;kɹusən
goulston;g u l s t @ n;gulstən
directories;d aI r\ E k t 3:r i: z;d?ɹɛktɜ:riːz
aungst;aU N g s t;?ŋgst
whirley;w 3:r l i:;wɜ:rliː
bridesmaid;b r\ aI d z m eI d;bɹ?dzm?d
archuletta;A r\ k u l E 4 @;ɑɹkulɛɾə
counterrevolution;k aU n t 3:r r\ E v @ l u S @ n;k?ntɜ:rɹɛvəluʃən
decanters;d I k { n t 3:r z;dɪkæntɜ:rz
delarosa;d E l A r\ @U s @;dɛlɑɹoʊsə
ruest;r\ u s t;ɹust
unsullied;@ n s V l i: d;ənsʌliːd
slovak;s l @U v { k;sloʊvæk
wiechmann;w i: k m @ n;wiːkmən
feighan;f eI g @ n;f?gən
ingested;i n dZ E s t @ d;in?ɛstəd
dismantle(2);d i s m { n @ l;dismænəl
fairhurst;f aI r\ h 3:r s t;f?ɹhɜ:rst
algae;{ l dZ i:;æl?iː
vert;v 3:r t;vɜ:rt
datacopy(2);d { 4 @ k A p i:;dæɾəkɑpiː
duhamel;d u h { m @ l;duhæməl
forti;f O: r\ 4 i:;fOːɹɾiː
colt's;k @U l t s;koʊlts
advantest(2);@ d v { n t @ s t;ədvæntəst
fernand(2);f 3:r n A n;fɜ:rnɑn
dyck;d aI k;d?k
luigi;l u i: dZ i:;luiː?iː
ashes;{ S @ z;æʃəz
wacky;w { k i:;wækiː
foundation's;f aU n d eI S @ n z;f?nd?ʃənz
slit;s l I t;slɪt
tierco;t i: r\ k @U;tiːɹkoʊ
gnomonic;n @U m A n i k;noʊmɑnik
dicta;d I k t @;dɪktə
perforated;p 3:r f 3:r eI 4 @ d;pɜ:rfɜ:r?ɾəd
coloristic;k V l 3:r I s t i k;kʌlɜ:rɪstik
molenaar;m A l i n A r\;mɑlinɑɹ
retainer;r\ i t eI n 3:r;ɹit?nɜ:r
decourcy;d E k U r\ k i:;dɛkʊɹkiː
bintz;b I n t s;bɪnts
tags;t { g z;tægz
ferriter;f E r\ aI 4 3:r;fɛɹ?ɾɜ:r
refrigerant;r\ i f r\ I dZ 3:r @ n t;ɹifɹɪ?ɜ:rənt
hanchett;h { n tS i t;hæn?it
prescribed;p r\ i: s k r\ aI b d;pɹiːskɹ?bd
mouldings;m @U l d i N z;moʊldiŋz
copywrite;k A p i: r\ aI t;kɑpiːɹ?t
petroski(2);p i t r\ A s k i:;pitɹɑskiː
thawed;T O: d;θOːd
pinstripe;p I n s t r\ aI p;pɪnstɹ?p
ostrowsky;@ s t r\ aU s k i:;əstɹ?skiː
colonialists(3);k @ l @U n i: @ l i s;kəloʊniːəlis
marcoux;m A r\ k u;mɑɹku
sideboards;s aI d b O: r\ d z;s?dbOːɹdz
shinsky;S I n s k i:;ʃɪnskiː
hogan(2);h @U g @ n;hoʊgən
steadiness;s t E d i: n i s;stɛdiːnis
hee;h i:;hiː
ineffective;i n i f E k t i v;inifɛktiv
cottman;k A t m @ n;kɑtmən
wilfried;w I l f r\ i: d;wɪlfɹiːd
bette;b E 4 i:;bɛɾiː
windfall;w I n d f O: l;wɪndfOːl
veer;v I r\;vɪɹ
velardo;v eI l A r\ 4 @U;v?lɑɹɾoʊ
schmuck;S m V k;ʃmʌk
eritrean;E r\ i t r\ i: @ n;ɛɹitɹiːən
figure;f I g j 3:r;fɪgjɜ:r
broucek;b r\ u tS E k;bɹu?ɛk
elsevier's;E l s E v j 3:r z;ɛlsɛvjɜ:rz
mayeda;m aI i: 4 @;m?iːɾə
kayser;k eI z 3:r;k?zɜ:r
questioned;k w E s tS @ n d;kwɛs?ənd
mermaid;m 3:r m eI d;mɜ:rm?d
robinhood;r\ A b i n h U d;ɹɑbinhʊd
setting;s E 4 i N;sɛɾiŋ
hamel;h { m @ l;hæməl
raised;r\ eI z d;ɹ?zd
broken-wind;b r\ @U k @ n w I n d;bɹoʊkənwɪnd
coinsurance;k @U i n S 3:r @ n s;koʊinʃɜ:rəns
shucks;S V k s;ʃʌks
whiting;w aI 4 i N;w?ɾiŋ
deale;d i: l;diːl
adamina;A 4 A m i: n @;ɑɾɑmiːnə
bevis;b E v i s;bɛvis
cardenas's;k A r\ d i: n @ s i z;kɑɹdiːnəsiz
glinski;g l I n s k i:;glɪnskiː
boetcher;b @U tS 3:r;boʊ?ɜ:r
archeological;A r\ k i: @ l A dZ i k @ l;ɑɹkiːəlɑ?ikəl
ugric;j u g r\ i k;jugɹik
medical(2);m E 4 i k @ l;mɛɾikəl
seismologists(3);s aI z m A l @ dZ @ s;s?zmɑlə?əs
consequences;k A n s @ k w E n s @ z;kɑnsəkwɛnsəz
littleford;l I 4 @ l f 3:r d;lɪɾəlfɜ:rd
jetton;dZ E t @ n;?ɛtən
recognition's;r\ E k i g n I S @ n z;ɹɛkignɪʃənz
ertl;3:r 4 @ l;ɜ:rɾəl
hoehn;h @U n;hoʊn
fotopoulos;f @ t A p @ l i s;fətɑpəlis
arrested;3:r E s t @ d;ɜ:rɛstəd
judkins;dZ V d k i n z;?ʌdkinz
warsaw;w O: r\ s O:;wOːɹsOː
saunier;s O: n i: 3:r;sOːniːɜ:r
flocks;f l A k s;flɑks
pills;p I l z;pɪlz
scaffold;s k { f @ l d;skæfəld
manasion's;m { n @ S @ n z;mænəʃənz
troxel;t r\ A k s @ l;tɹɑksəl
polymers;p A l i m 3:r z;pɑlimɜ:rz
copiague;k @U p i: { g;koʊpiːæg
bernstein(2);b 3:r n s t i: n;bɜ:rnstiːn
continental(2);k A n t @ n E n @ l;kɑntənɛnəl
mazur;m { z 3:r;mæzɜ:r
travelers;t r\ { v @ l 3:r z;tɹævəlɜ:rz
antar;{ n t 3:r;æntɜ:r
mckern;m @ k 3:r n;məkɜ:rn
adder;{ 4 3:r;æɾɜ:r
kurowski;k 3:r O: f s k i:;kɜ:rOːfskiː
ribicoff;r\ I b i k O: f;ɹɪbikOːf
sours(2);s aU r\ z;s?ɹz
tubs;t V b z;tʌbz
blazek;b l A z E k;blɑzɛk
bloc;b l A k;blɑk
fiji's;f i: dZ i: z;fiː?iːz
unwilling;@ n w I l i N;ənwɪliŋ
mccaa;m @ k A;məkɑ
isaly(2);aI s l i:;?sliː
systems';s I s t @ m z;sɪstəmz
lebarron;l @ b E r\ @ n;ləbɛɹən
twaddle;t w A 4 @ l;twɑɾəl
cambrian;k { m b r\ i: @ n;kæmbɹiːən
enmesh;E n m E S;ɛnmɛʃ
follicle(2);f A l i k @ l;fɑlikəl
thibodeau;T I b @ 4 @U;θɪbəɾoʊ
baney;b eI n i:;b?niː
absorbs;@ b z O: r\ b z;əbzOːɹbz
gruner;g r\ u n 3:r;gɹunɜ:r
undertake;V n d 3:r t eI k;ʌndɜ:rt?k
electromagnetism;i l E k t r\ @U m { g n @ t I z @ m;ilɛktɹoʊmægnətɪzəm
faded;f eI 4 @ d;f?ɾəd
presage;p r\ E s i dZ;pɹɛsi?
object;A b dZ E k t;ɑb?ɛkt
gainous;g eI n @ s;g?nəs
bourse's;b O: r\ s i z;bOːɹsiz
samper's;s { m p 3:r z;sæmpɜ:rz
sudafed;s u 4 @ f E d;suɾəfɛd
kidded;k I 4 i d;kɪɾid
uses(2);j u s i z;jusiz
biomaterials;b aI @U m @ t I r\ i: @ l z;b?oʊmətɪɹiːəlz
patronized;p eI t r\ @ n aI z d;p?tɹən?zd
shaykin's;S eI k i n z;ʃ?kinz
encumbered;E n k V m b 3:r d;ɛnkʌmbɜ:rd
chudzinski;tS @ dZ I n s k i:;?ə?ɪnskiː
aforesaid;@ f O: r\ s E d;əfOːɹsɛd
oskar;O: s k 3:r;Oːskɜ:r
ecton;E k t @ n;ɛktən
blackmailing;b l { k m eI l i N;blækm?liŋ
polymerizes;p A l i m 3:r aI z @ z;pɑlimɜ:r?zəz
desirable(2);d i z aI 3:r @ b @ l;diz?ɜ:rəbəl
bianchini;b i A n tS i: n i:;biɑn?iːniː
birthmarks;b 3:r T m A r\ k s;bɜ:rθmɑɹks
mcbreen;m @ k b r\ i: n;məkbɹiːn
mignons;m I g n @ n z;mɪgnənz
ireton(2);aI 3:r t @ n;?ɜ:rtən
stuckman;s t V k m @ n;stʌkmən
seguros;s eI g j 3:r @U z;s?gjɜ:roʊz
nagged;n { g d;nægd
entangling;i n t { N l i N;intæŋliŋ
dennison;d E n i s @ n;dɛnisən
basilio;b A s i: l i: @U;bɑsiːliːoʊ
betters;b E 4 3:r z;bɛɾɜ:rz
toehold;t @U h @U l d;toʊhoʊld
pylant(2);p i l { n t;pilænt
sarokin;s E r\ @ k i n;sɛɹəkin
scozzafava;s k @U t s A f A v @;skoʊtsɑfɑvə
kremlin's;k r\ E m l i n z;kɹɛmlinz
receptacles;r\ i s E p t i k @ l z;ɹisɛptikəlz
extensively;i k s t E n s i v l i:;ikstɛnsivliː
juncture;dZ V N k tS 3:r;?ʌŋk?ɜ:r
vallez;v A l E z;vɑlɛz
gerbrandt;g 3:r b r\ { n t;gɜ:rbɹænt
falgout;f { l g aU t;fælg?t
daggett;d { g i t;dægit
thirteenths;T 3:r t i: n T s;θɜ:rtiːnθs
imminence;I m @ n @ n s;ɪmənəns
walthose;w O: l t h @U z;wOːlthoʊz
keirsey;k I r\ s i:;kɪɹsiː
gourley;g O: r\ l i:;gOːɹliː
crestar;k r\ E s t A r\;kɹɛstɑɹ
combed;k @U m d;koʊmd
arkwright;A r\ k r\ aI t;ɑɹkɹ?t
mashantucket;m { S @ n t V k @ t;mæʃəntʌkət
loincloth;l OI n k l O: T;l?nklOːθ
yuppie;j V p i:;jʌpiː
xers(2);k s E r\ z;ksɛɹz
potash;p A t { S;pɑtæʃ
henrique;A n r\ i: k;ɑnɹiːk
raul(2);r\ A u l;ɹɑul
tonight's;t @ n aI t s;tən?ts
banquets;b { N k w @ t s;bæŋkwəts
burger's;b 3:r g 3:r z;bɜ:rgɜ:rz
botz;b A t s;bɑts
romanticizing;r\ @U m { n t @ s aI z i N;ɹoʊmæntəs?ziŋ
yearling(2);j I l i N;jɪliŋ
counterterrorism(2);k aU n 3:r t E r\ 3:r I z @ m;k?nɜ:rtɛɹɜ:rɪzəm
kempel;k E m p @ l;kɛmpəl
tourist's;t U r\ @ s t s;tʊɹəsts
dobberstein(2);d A b 3:r s t aI n;dɑbɜ:rst?n
subjects';s V b dZ E k t s;sʌb?ɛkts
firing;f aI r\ i N;f?ɹiŋ
gomer;g @U m 3:r;goʊmɜ:r
perfecta;p 3:r f E k t @;pɜ:rfɛktə
rateliff;r\ { t l i f;ɹætlif
prinos;p r\ i: n @U s;pɹiːnoʊs
foland;f @U l @ n d;foʊlənd
standridge;s t { n d r\ i dZ;stændɹi?
bowery;b aU 3:r i:;b?ɜ:riː
dannemeyer;d { n @ m aI r\;dænəm?ɹ
rase;r\ eI z;ɹ?z
psychotherapist;s aI k @ T E r\ @ p i s t;s?kəθɛɹəpist
lenger;l E N 3:r;lɛŋɜ:r
issy;I s i:;ɪsiː
subsidizing;s V b s i d aI z i N;sʌbsid?ziŋ
ebony;E b @ n i:;ɛbəniː
lagasse;l A g A s i:;lɑgɑsiː
abott;@ b A t;əbɑt
deters;d i t 3:r z;ditɜ:rz
blaker;b l eI k 3:r;bl?kɜ:r
kreul;k r\ u l;kɹul
vandross;v { n d r\ O: s;vændɹOːs
for;f O: r\;fOːɹ
jetstream's;dZ E t s t r\ i: m z;?ɛtstɹiːmz
gratefully;g r\ eI t f @ l i:;gɹ?tfəliː
mcauliff;m @ k O: l @ f;məkOːləf
anyplace;E n i: p l eI s;ɛniːpl?s
aberrational;{ b 3:r eI S @ n @ l;æbɜ:r?ʃənəl
mounted(2);m aU n t i d;m?ntid
adrenalin;@ d r\ E n @ l i n;ədɹɛnəlin
sedans;s i d { n z;sidænz
rochester;r\ A tS E s t 3:r;ɹɑ?ɛstɜ:r
thru;T r\ u;θɹu
hermine;h 3:r m i n;hɜ:rmin
brunnhilde;b r\ V n h i l d;bɹʌnhild
harv;h A r\ v;hɑɹv
halifax;h { l i f { k s;hælifæks
jammer;dZ { m 3:r;?æmɜ:r
menges;m E n dZ i z;mɛn?iz
nippy;n I p i:;nɪpiː
craziness;k r\ eI z i: n @ s;kɹ?ziːnəs
liposuction;l I p @U s V k S @ n;lɪpoʊsʌkʃən
mauvais;m O: v eI;mOːv?
croatia's;k r\ @U eI S @ z;kɹoʊ?ʃəz
piety;p aI @ 4 i:;p?əɾiː
disassociated;d I s @ s @U S i: eI 4 @ d;dɪsəsoʊʃiː?ɾəd
flout;f l aU t;fl?t
herniate;h 3:r n i: eI t;hɜ:rniː?t
porcher;p O: r\ tS 3:r;pOːɹ?ɜ:r
squab;s k w A b;skwɑb
monzo;m A n z @U;mɑnzoʊ
gaggle;g { g @ l;gægəl
nester;n E s t 3:r;nɛstɜ:r
puppets(2);p V p i t s;pʌpits
khuu;k u;ku
hiccoughs;h I k @ p s;hɪkəps
sligar;s l I g 3:r;slɪgɜ:r
butchko;b V tS k @U;bʌ?koʊ
helpings;h E l p i N z;hɛlpiŋz
centaur;s E n t O: r\;sɛntOːɹ
uranus;j u r\ @ n @ s;juɹənəs
lossing;l O: s i N;lOːsiŋ
villasenor;v i: l A s eI @ n O: r\;viːlɑs?ənOːɹ
merges;m 3:r dZ i z;mɜ:r?iz
doers;d u 3:r z;duɜ:rz
munro;m @ n r\ @U;mənɹoʊ
midcon;m I d k A n;mɪdkɑn
request(2);r\ i: k w E s t;ɹiːkwɛst
merica;m E r\ i k @;mɛɹikə
homologous;h @ m A l @ g @ s;həmɑləgəs
balcerzak;b @ l tS 3:r z @ k;bəl?ɜ:rzək
banos;b A n @U z;bɑnoʊz
orbited;O: r\ b @ 4 @ d;Oːɹbəɾəd
taffe;t { f;tæf
thaxter;T { k s t 3:r;θækstɜ:r
from(2);f 3:r m;fɜ:rm
woodwinds;w U d w I n d z;wʊdwɪndz
widener;w I d i: n 3:r;wɪdiːnɜ:r
hameister;h { m aI s t 3:r;hæm?stɜ:r
hearn;h 3:r n;hɜ:rn
frankenstein;f r\ { N k @ n s t aI n;fɹæŋkənst?n
client;k l aI @ n t;kl?ənt
sizes;s aI z @ z;s?zəz
cornejo;k 3:r n eI j @U;kɜ:rn?joʊ
deininger;d aI n i N 3:r;d?niŋɜ:r
opel's;@U p @ l z;oʊpəlz
tropea;t r\ @U p i: @;tɹoʊpiːə
tamil;t @ m i l;təmil
eleanor;E l @ n O: r\;ɛlənOːɹ
verisimilitude;v E r\ @ s @ m I l @ t u d;vɛɹəsəmɪlətud
polytechnic;p A l i t E k n i k;pɑlitɛknik
erosive;i r\ @U s i v;iɹoʊsiv
elise;@ l i: s;əliːs
downe;d aU n;d?n
gellis;g E l i s;gɛlis
cyclists(3);s aI k l i s t s;s?klists
perz;p 3:r z;pɜ:rz
intrepid;i n t r\ E p @ d;intɹɛpəd
balles;b eI l z;b?lz
stored;s t O: r\ d;stOːɹd
katzman;k { t s m @ n;kætsmən
misdemeanor;m I s d @ m i: n 3:r;mɪsdəmiːnɜ:r
hence;h E n s;hɛns
incarnation;i n k A r\ n eI S @ n;inkɑɹn?ʃən
hull's;h V l z;hʌlz
zane;z eI n;z?n
rapeseed;r\ eI p s i: d;ɹ?psiːd
felkner;f E l k n 3:r;fɛlknɜ:r
lanthanum;l { n T @ n @ m;lænθənəm
test's;t E s t s;tɛsts
sumac;s u m { k;sumæk
chan;tS { n;?æn
gaska;g A s k @;gɑskə
geminate;dZ E m @ n @ t;?ɛmənət
actionable;{ k S @ n @ b @ l;ækʃənəbəl
benhamou;b E n h @ m u;bɛnhəmu
inflated;i n f l eI 4 @ d;infl?ɾəd
classen;k l { s @ n;klæsən
sickles;s I k @ l z;sɪkəlz
pathogenic;p { T @ dZ E n i k;pæθə?ɛnik
fucking;f V k i N;fʌkiŋ
tanguma;t A N g u m @;tɑŋgumə
abiding;@ b aI 4 i N;əb?ɾiŋ
antiaircraft;{ n t aI E r\ k r\ { f t;ænt?ɛɹkɹæft
intellects;I n t @ l E k t s;ɪntəlɛkts
rounded;r\ aU n d @ d;ɹ?ndəd
angelle;eI N g E l;?ŋgɛl
spanks;s p { N k s;spæŋks
objects;A b dZ E k t s;ɑb?ɛkts
chernomyrdin's;tS E r\ n @U m I r\ d @ n z;?ɛɹnoʊmɪɹdənz
caplinger;k eI p @ l i N 3:r;k?pəliŋɜ:r
mccreedy;m @ k r\ i: 4 i:;məkɹiːɾiː
kelley;k E l i:;kɛliː
chrusciel;k r\ V s i: l;kɹʌsiːl
wavetek;w eI v t E k;w?vtɛk
keeney;k i: n i:;kiːniː
applicants';{ p l @ k @ n t s;æpləkənts
disclaiming;d i s k l eI m i N;diskl?miŋ
curtains;k 3:r t @ n z;kɜ:rtənz
dasch;d { S;dæʃ
fuhr;f U r\;fʊɹ
stanadyne;s t { n @ d aI n;stænəd?n
travelday;t r\ { v @ l d eI;tɹævəld?
vandeven;v { n d @ v @ n;vændəvən
kevlar;k E v l 3:r;kɛvlɜ:r
bettes;b E 4 i: z;bɛɾiːz
scholar;s k A l 3:r;skɑlɜ:r
lepped;l E p t;lɛpt
mccoy;m @ k OI;mək?
thomassen;T A m @ s @ n;θɑməsən
dryly;d r\ aI l i:;dɹ?liː
poehl;p @U l;poʊl
staniszewski;s t @ n i S E f s k i:;stəniʃɛfskiː
yoshiro;j @U S I r\ @U;joʊʃɪɹoʊ
dale's;d eI l z;d?lz
vinick;v I n i k;vɪnik
ozzie;A z i:;ɑziː
vandalize;v { n d @ l aI z;vændəl?z
enjoy;E n dZ OI;ɛn??
nationalized(2);n { S n @ l aI z d;næʃnəl?zd
repudiate;r\ i: p j u 4 i: eI t;ɹiːpjuɾiː?t
medigap;m E 4 i g { p;mɛɾigæp
throttles;T r\ A 4 @ l z;θɹɑɾəlz
chain;tS eI n;??n
dickenson;d I k i n s @ n;dɪkinsən
polk's;p @U k s;poʊks
radwan;r\ { d w @ n;ɹædwən
intergraph;I n t 3:r g r\ { f;ɪntɜ:rgɹæf
spinoff;s p I n O: f;spɪnOːf
galena;g @ l i: n @;gəliːnə
laubenstein;l aU b @ n s t aI n;l?bənst?n
wellborn;w E l b O: r\ n;wɛlbOːɹn
kerley;k 3:r l i:;kɜ:rliː
prediction;p r\ i: d I k S @ n;pɹiːdɪkʃən
ditching;d I tS i N;dɪ?iŋ
chafee;tS { f i:;?æfiː
bayonne;b eI j @U n;b?joʊn
backdrop;b { k d r\ A p;bækdɹɑp
banghart;b { N h A r\ t;bæŋhɑɹt
esham;E S @ m;ɛʃəm
mosbacher;m A s b A k 3:r;mɑsbɑkɜ:r
otwell;A t w E l;ɑtwɛl
ergot;3:r g @ t;ɜ:rgət
dedominicis;d eI 4 @U m i: n i: s i s;d?ɾoʊmiːniːsis
dalgety;d { l g E 4 i:;dælgɛɾiː
autopsies;O: t A p s i: z;Oːtɑpsiːz
eleven's;i l E v @ n z;ilɛvənz
intercepted(2);I n t 3:r s E p t i d;ɪntɜ:rsɛptid
donnelly(2);d A n E l i:;dɑnɛliː
pernice;p 3:r n i s;pɜ:rnis
flournoy;f l U r\ n OI;flʊɹn?
voyd;v OI d;v?d
dehydrate;d i h aI d r\ eI t;dih?dɹ?t
loehr;l O: r\;lOːɹ
furukawa;f U r\ u k A w @;fʊɹukɑwə
dunegan;d V n i g { n;dʌnigæn
tollbooth;t @U l b u T;toʊlbuθ
peep;p i: p;piːp
sherbondy;S 3:r b A n d i:;ʃɜ:rbɑndiː
earnhart;3:r n h A r\ t;ɜ:rnhɑɹt
pamour;p { m O: r\;pæmOːɹ
nightclub;n aI t k l V b;n?tklʌb
theorists(3);T i: 3:r i s;θiːɜ:ris
funderburk;f V n d 3:r b 3:r k;fʌndɜ:rbɜ:rk
comprint;k A m p r\ I n t;kɑmpɹɪnt
teck's;t E k s;tɛks
skimpy;s k I m p i:;skɪmpiː
girdle;g 3:r 4 @ l;gɜ:rɾəl
remarks(2);r\ i: m A r\ k s;ɹiːmɑɹks
syrup(2);s I r\ @ p;sɪɹəp
recount;r\ i k aU n t;ɹik?nt
buttke;b V t k i:;bʌtkiː
budiman;b j u 4 i m @ n;bjuɾimən
kansas;k { n z @ s;kænzəs
lonergan;l A n 3:r g @ n;lɑnɜ:rgən
accuride;{ k j 3:r aI d;ækjɜ:r?d
complainers;k A m p l eI n 3:r z;kɑmpl?nɜ:rz
satanic;s @ t { n i k;sətænik
cornea;k O: r\ n i: @;kOːɹniːə
longino;l @U N g i: n @U;loʊŋgiːnoʊ
truicko(2);t r\ u i: k @U;tɹuiːkoʊ
hemdale;h E m d eI l;hɛmd?l
chronic;k r\ A n i k;kɹɑnik
faddish;f { 4 i S;fæɾiʃ
leverette;l E v 3:r E t;lɛvɜ:rɛt
compartmentalize;k @ m p A r\ t m E n t @ l aI z;kəmpɑɹtmɛntəl?z
thompkins;t A m p k i n z;tɑmpkinz
fidalgo;f i: d A l g @U;fiːdɑlgoʊ
fujiyama;f u dZ i: j A m @;fu?iːjɑmə
gurtler(2);g 3:r t l 3:r;gɜ:rtlɜ:r
dioxin;d aI A k s i n;d?ɑksin
shoultz;S @U l t s;ʃoʊlts
dresen;d r\ i: z @ n;dɹiːzən
optometrists;A p t A m @ t r\ i s t s;ɑptɑmətɹists
restraints;r\ i s t r\ eI n t s;ɹistɹ?nts
higbee;h I g b i:;hɪgbiː
inductance;i n d V k t @ n s;indʌktəns
excised;E k s aI z d;ɛks?zd
kibbel;k I b @ l;kɪbəl
ohearn;A h 3:r n;ɑhɜ:rn
weeklies;w i: k l i: z;wiːkliːz
coverall;k V v 3:r O: l;kʌvɜ:rOːl
lamie;l eI m i:;l?miː
armies;A r\ m i: z;ɑɹmiːz
homeliness;h @U m l i: n @ s;hoʊmliːnəs
luckyn;l V k i n;lʌkin
zabows;z eI b @U z;z?boʊz
barnick;b A r\ n i k;bɑɹnik
uncalled;@ n k O: l d;ənkOːld
leadbelly;l E d b E l i:;lɛdbɛliː
gardner;g A r\ d n 3:r;gɑɹdnɜ:r
soward;s @U 3:r d;soʊɜ:rd
klukas;k l u k @ z;klukəz
malefactors(2);m { l f { k t 3:r z;mælfæktɜ:rz
mcnemar;m { k n @ m A r\;mæknəmɑɹ
won(2);w A n;wɑn
travelstead;t r\ { v @ l s t E d;tɹævəlstɛd
soyuz(2);s OI u z;s?uz
acetate;{ s @ t eI t;æsət?t
abdella;{ b d E l @;æbdɛlə
wachowiak;v @ h aU i: { k;vəh?iːæk
prussia;p r\ V S @;pɹʌʃə
instone;I n s t @U n;ɪnstoʊn
skibo;s k aI b @U;sk?boʊ
eloisa;E l OI s @;ɛl?sə
garvey;g A r\ v i:;gɑɹviː
isaak;i s A k;isɑk
privett;p r\ I v i t;pɹɪvit
franchise's;f r\ { n tS aI z i z;fɹæn??ziz
lapinski;l @ p I n s k i:;ləpɪnskiː
nailed;n eI l d;n?ld
inculcated;I N k @ l k eI 4 @ d;ɪŋkəlk?ɾəd
lifers;l aI f 3:r z;l?fɜ:rz
odoms;@U 4 @ m z;oʊɾəmz
immovable;i m u v @ b @ l;imuvəbəl
boodles;b u 4 @ l z;buɾəlz
huguley;h V g j u l i:;hʌgjuliː
achieved;@ tS i: v d;ə?iːvd
demonizer;d i: m @ n aI z 3:r;diːmən?zɜ:r
arcs;A r\ k s;ɑɹks
deliverers;d i l I v 3:r 3:r z;dilɪvɜ:rɜ:rz
feces;f i: s i: z;fiːsiːz
sulak;s u l @ k;sulək
benjamin;b E n dZ @ m @ n;bɛn?əmən
imports(2);I m p O: r\ t s;ɪmpOːɹts
toshihiko;t @U S i h i: k @U;toʊʃihiːkoʊ
lobsterman;l A b s t 3:r m @ n;lɑbstɜ:rmən
clinic's;k l I n i k s;klɪniks
profs;p r\ A f s;pɹɑfs
vold;v @U l d;voʊld
marting;m A r\ 4 i N;mɑɹɾiŋ
longaker;l A N g @ k 3:r;lɑŋgəkɜ:r
edgar's;E d g 3:r z;ɛdgɜ:rz
recommited;r\ i k A m I 4 i d;ɹikɑmɪɾid
lubricants;l u b r\ @ k @ n t s;lubɹəkənts
pirrone;p i r\ @U n i:;piɹoʊniː
cerutti;tS 3:r u 4 i:;?ɜ:ruɾiː
pejorative;p @ dZ O: r\ @ 4 i v;pə?Oːɹəɾiv
hany's;h eI n i: z;h?niːz
nydegger;n I 4 i g 3:r;nɪɾigɜ:r
sea's;s i: z;siːz
samos;s eI m A s;s?mɑs
gier;dZ I r\;?ɪɹ
cocca;k @U k @;koʊkə
geologist;dZ i: A l @ dZ @ s t;?iːɑlə?əst
busser;b V s 3:r;bʌsɜ:r
